{"cameraMode":{"drawMode":0,"name":"Shaded","section":"Shading Mode"},"sceneLighting":true,"audioPlay":false,"sceneViewState":{"m_AlwaysRefresh":false,"showFog":true,"showSkybox":true,"showFlares":true,"showImageEffects":true,"showParticleSystems":true,"showVisualEffectGraphs":true,"m_FxEnabled":true},"in2DMode":false,"pivot":{"x":285.4386291503906,"y":160.36924743652345,"z":286.2159423828125},"rotation":{"x":-0.2087470144033432,"y":-0.012617851607501507,"z":0.002695284318178892,"w":-0.9778931736946106},"size":457.41864013671877,"orthographic":false}